TV1;https://www.youtube.com/embed/a3ICNMQW7Ok
TV2;https://www.youtube.com/embed/a3ICNMQW7Ok
TV3;https://www.youtube.com/embed/a3ICNMQW7Ok
TV4;https://www.youtube.com/embed/a3ICNMQW7Ok
TV5;https://www.youtube.com/embed/a3ICNMQW7Ok
TV6;https://www.youtube.com/embed/a3ICNMQW7Ok
TV7;https://www.youtube.com/embed/a3ICNMQW7Ok
TV8;https://www.youtube.com/embed/a3ICNMQW7Ok
TV9;https://www.youtube.com/embed/a3ICNMQW7Ok
TV10;https://www.youtube.com/embed/a3ICNMQW7Ok
TV11;https://www.youtube.com/embed/a3ICNMQW7Ok
TV12;https://www.youtube.com/embed/a3ICNMQW7Ok
TV13;https://www.youtube.com/embed/a3ICNMQW7Ok
TV14;https://www.youtube.com/embed/a3ICNMQW7Ok
TV15;https://www.youtube.com/embed/a3ICNMQW7Ok
TV16;https://www.youtube.com/embed/a3ICNMQW7Ok
